"If an additional cardholder loses their card, how should it be reported?"
"I can?t see my authorised user(s) in mybarclaycard, what do I need to do?"
How do I add or remove a cardholder from my Barclaycard account?
"I can't see my authorised user(s), what do I need to do?"
"If an additional cardholder makes a purchase on the account, is this included in my alerts?"
"How can I set up, change or cancel my account alerts?"
How do I change the contact details for my account alerts?
How many days before my payment is due will I receive a payment due alert?
When will you send my alerts and how often?
How up-to-date is my balance alert?
"If a transaction hasn't been taken from my account yet, is this included in my alerts?"
I?m not receiving my account alerts. What should I do?
What is a credit limit?
"My credit limit has been increased but I don?t want the new limit, what should I do?"
How can I change my credit limit?
"My credit limit has been increased but I don't want the new limit, what should I do?"
What is a credit limit?
Will I receive a replacement card after I've updated my personal details?
Why can't I save my updated address details in mybarclaycard online account servicing or in the app?
"How do I change my account details, such as my address, my contact details or my security information?"
Why are you asking me to update some of my personal details?
Why do I need to provide my existing telephone numbers before I can change to my new numbers?
What do I need to do following the death of an account holder?
How do I change my marketing preferences?
How do I change the name on my Barclaycard account?
Why can't I update some of my personal details online or in the app?
How do I change my date of birth?
How do I change my nationality?
"If I've reported my Barclaycard as lost or stolen, can I still log in to mybarclaycard online account servicing?"
What filter & search criteria are available on transactions in mybarclaycard online account servicing?
Occasionally I am logged out of mybarclaycard online account servicing - why?
How can I view my online activity?
Why can't I see one of my cards in mybarclaycard online account servicing when I previously could?
If I have more than one Barclaycard how do I see them both together online?
"I have received a new card, will the new card be displayed in mybarclaycard?"
Why is some of my personal information partly hidden in mybarclaycard?
Can I change the category a transaction has been assigned to in mybarclaycard online account servicing?
Can I see a demo of Barclaycard online servicing?
Can I view more details on an individual transaction?
How can I view my transactions?
"I have received a new card, will the new card be displayed in Barclaycard?"
What filter & search criteria are available on transactions in Barclaycard online servicing?
Why can't I view my PIN within mybarclaycard online account servicing?
"I'm logged in to mybarclaycard online account servicing but I can't see my PIN properly, what should I do?"
"I've forgotten my PIN (Personal Identification Number), how can I find out what it is?"
Can I view my PIN online?
How safe is it to view my PIN within Barclaycard online servicing?
"I'm logged in to Barclaycard online servicing but I can't see my PIN properly, what should I do?"
"I've forgotten my PIN (Personal Identification Number), how can I find out what it is?"
I have other cardholders on my account. Can they see their PINs online?
"Why can't I use the same password for mybarclaycard online servicing, telephone banking and email statements?"
"I have forgotten my passcode and memorable word for mybarclaycard online account servicing, what do I do?"
I don?t know my credit limit ? how can I find out what it is?
"I have forgotten my log in details for mybarclaycard online account servicing and do not have my Barclaycard to hand, what do I do?"
How do I choose a passcode for mybarclaycard online account servicing?
I entered my correct log in details but I still can't access mybarclaycard online account servicing. Why?
Why do I need to choose a passcode and a memorable word for mybarclaycard online account servicing?
How do I register for mybarclaycard online account servicing?
What happens if I change my telephone account servicing passcode?
"I've forgotten my Barclaycard online passcode and memorable word, what do I do?"
"I've forgotten my Barclaycard online passcode, what do I do?"
What information do I need to log in to my Barclaycard account online?
"I've forgotten my memorable word, what do I do?"
"I've forgotten my Barclaycard online login details, what do I do?"
How do I choose a memorable word?
Why am I seeing a system error screen while trying to manage my Barclaycard account?
What's the difference between my passcode and memorable word?
I'm struggling to log into my account online. Why can't you tell me which of the security details I am entering is not matching?
Can I change my ID number to a username instead?
I have tried to Log into my Barclaycard online account servicing and received a failed message saying that registration is blocked - why?
Why do I need to select letters in a drop down box for my memorable word when logging into my Barclaycard account online?
Why do I have to enter three different security details to log into my account online?
Why can't I use my date of birth as my passcode to log into my account online?
"I've been given a temporary passcode to log into my account online, how do I use it?"
"I've forgotten my Barclaycard online username/ID number, what do I do?"
Can I register my other credit cards with Barclaycard so I can manage them all together?
How do I choose a username for Barclaycard online servicing?
Can I see my secure message history?
What do I do if my secure message is longer than the maximum allowed?
Can I only extendÿthe Barclaycard online servicing secure message session once?
How do I know if you've received my secure message?
How do I send you a secure message?
How long will it be before I have a response to my secure message?
What do I do if my secure message is longer than the maximum allowed?
Where can I find the secure messaging service?
What can I use the 'Your messages' section for and how secure is it?
I can't access mybarclaycard to activate my card?
Do I need to activate my additional cardholder's card?
When do I get my PIN number if I activate online?
Can I activate my card over the phone?
What happens if I don't activate my Barclaycard?
"I have two cards in my name on a single account, do I have to activate both cards?"
What do I need to have to hand to activate my card in Barclaycard online servicing?
When my card arrives can I start using it straight away?
How do I activate my card online?
"Do you offer current accounts, savings accounts or mortgages?"
"I have a query about my Barclays insurance policy, who should I contact?"
"I have a query in relation to my Barclays loan, who should I contact?"
How do I access the online Garlik Data Patrol function available with my Barclaycard Identity Protection Alert?
How do I add other members of my family to my Barclaycard Card Protection policy?
"I need to amend the details held on my Card Protection Policy, how can I do this?"
How do I make a claim against my Card Protection or Identity Protection policy?
I have Identity Protection Alert. How do I access my credit report?
Why should I register all my cards with my Barclaycard Card Protection policy?
How can I update the list of cards and documents I have registered on my Card Protection policy?
How do I cancel my Barclaycard Identity Protection Alert or Card Protection?
Can you tell me more about the Affinion / Sentinel redress scheme?
Can you tell me more about the Card Protection Plan redress scheme?
What information do I need to make an Accident or Sickness claim on my PPI policy?
What is Payment Protection Insurance (PPI)?
What happens after I?ve made a PPI claim?
How do I make a new PPI claim?
Can I still make a PPI claim if I?ve cancelled the policy or if my circumstances have changed?
I have been approached by a Claims Management Company (CMC) to make a PPI claim. What should I do?
I?ve received a letter that says that my PPI claim has been rejected. I don?t agree with the decision ? what can I do now?
My PPI claim is now with the Financial Ombudsman Service (FOS) ? what happens next?
"My PPI claim is in progress but I have additional information to support it, what do I do?"
My PPI policy ended a while ago can I still make a PPI claim?
How much will my refund be if I have been mis-sold PPI?
I?ve previously made a successful claim on my PPI policy. Can I still claim I was mis-sold?
Will you cancel my PPI policy if I make a claim that it was mis-sold?
I don?t have my PPI policy number. Can I still make a claim that it was mis-sold?
I have arrears on my account. Can I still make a PPI claim?
Will I have to close my account / be penalised if I make a PPI claim?
I am currently bankrupt or in an Individual voluntary arrangement (IVA). Can I still make a PPI claim?
Will making a PPI claim affect my credit rating?
Can I make more than one PPI claim?
Can I make a PPI claim if I live abroad?
How do you decide if I?ve been mis-sold PPI?
I have received a letter saying that I have been mis-sold PPI and I am due a refund. When will I receive it?
It has been more than 28 working days since I received your letter telling me I have been mis-sold PPI and I?m due a refund but I haven?t received it. What do I do?
Will I need to pay tax on my refund from my PPI claim?
"I believe I was missold PPI, who should I contact?"
What happens if my Barclaycard commercial card is stolen?
What if I forget the PIN for my commercial card?
What happens if my Barclaycard Commercial card is stolen?
How can I get a copy of my commercial card Terms & Conditions?
What is a Barclaycard Purchasing card account?
What business savings or extra benefits do I get with a Barclaycard Purchasing card?
How much does a Barclaycard Commercial credit card cost?
What business savings or extra benefits do I get with a Barclaycard Corporate Visa card?
What is a Barclaycard Visa Corporate card?
What are online services for commercial cards?
Who is my card administrator?
When will my new online commercial card statement be available?
Can I pay my commercial card statement / make a payment online?
What is Government Procurement card?
How much will a Government Procurement card (GPC) cost?
What are the benefits of the Government Procurement card?
How will I know when my commercial card statement is available?
Can I print the online statement for my commercial card?
How long will you hold my commercial card statements online for?
Are my commercial card details secure online?
How can I change the address for my commercial card?
"I've locked my online commercial card account, how can I get this unlocked?"
Can I stop receiving paper statements for my commercial card?
How do I stop my Commercial card from appearing in the app?
I have a Barclaycard Commercial MasterCard which is contactless - what is the transaction limit for this card?
How do I know if a retailer accepts contactless payments?
"I carry both my contactless debit/credit card and my Barclaycard in my wallet, which one will be debited if I tap my wallet on a reader?"
What are the benefits of contactless payments?
Are Contactless payments secure?
"If my Barclaycard is lost or stolen, can the person that finds it use it for contactless payments?"
How am I protected against fraud on Contactless and PayTag payments?
What if my contactless or PayTag payment is declined?
How do I reconcile contactless transactions?
Why can?t I use my card for contactless transactions?
How do I identify a contactless transaction?
Which other commercial card issuers use the contactless functionality?
Can I turn off the contactless functionality on my card?
Why is the contactless limit changing?
What are contactless payments?
Do I have a daily limit for contactless payments?
How do I make a contactless payment?
"I?ve been trying to make a contactless payment of up to œ30, but it keeps declining. Why?"
Why can?t I use my personal Barclaycard MasterCard to make contactless purchases up to œ30?
Can I see which of my transactions were made using my Barclaycard PayTag?
Will my mobile be damaged by sticking my Barclaycard PayTag to it?
Can I make Contactless and PayTag payments outside of the UK?
What is a Barclaycard PayTag?
Can I get a Barclaycard PayTag?
"If my Barclaycard PayTag has come off my mobile phone, or if I need to remove it, what should I do?"
What should I do if I don't recognise a TfL transaction?
"What should I do if my Barclays Debit card, Barclaycard or Barclaycard PayTag is lost or stolen?"
What happens if my card expires?
How will Transport for London (TfL) travel charges be shown on my card statements?
"Do I need to register my contactless Barclays debit card, Barclaycard or Barclaycard PayTag with Transport for London (TfL)?"
"Can I use my contactless Barclays debit card, Barclaycard or Barclaycard PayTag on the Transport for London (TfL) network as soon as I get it?"
Do I have to remove my contactless Barclays Debit card or Barclaycard from my wallet to touch in?
What happens if I touch in with one contactless card and touch out with another on the same journey?
Why can't I see my balance or the cost of my journey when I touch in and out in the same way as an Oyster card?
Why won't the gates open when I touch my card on the reader OR why does the gate show a red light when I touch my card on the gate?
"Can Transport for London (TfL) staff take my contactless Barclays debit card, Barclaycard or Barclaycard PayTag away from me?"
"Can I put my season ticket on my contactless Barclays Debit card, Barclaycard or Barclaycard PayTag in the same way as on Oyster?"
"Do I use my contactless Barclays Debit card, Barclaycard or Barclaycard PayTag in the same way as using an Oyster card?"
"Can I lend my contactless Barclays debit card, Barclaycard or Barclaycard PayTag to someone else, or pay for more than one person?"
Will I be able to check my journey history?
"What should I do if I think I've been charged the wrong amount or if I accidentally touch my contactless Barclays Debit card, Barclaycard or Barclaycard Pay Tag on a card reader?"
I've got a joint account (or additional cardholder) which means we both have our own cards. Can we both use our cards for travel?
What is fare capping?
Is there a minimum amount I need to have in my account to pay with contactless for travel?
"How much will it cost to travel with a contactless Barclays Debit card, Barclaycard or Barclaycard PayTag?"
"Will I be able to add any discount entitlements when paying with my contactless Barclays Debit card, Barclaycard or Barclaycard PayTag?"
"Is it safe to use my contactless Barclays debit card, Barclaycard or Barclaycard PayTag on the Transport for London (TfL) network?"
How do I contact Transport for London (TfL)?
Why is there an amount for more than œ30 on my statement if the contactless limit is œ30?
How do I set up Contactless Mobile?
What devices can I use Contactless Mobile on?
Can I use Contactless Mobile on multiple devices (e.g. for an authorised user or I have two devices)?
What happens to Contactless Mobile if I lose my device?
What should I do if I don't recognise a Contactless Mobile transaction?
Why am I prompted to log into the Barclaycard app when I try to use my Contactless Mobile?
How will I identify a Contactless Mobile transaction on my statement(s)?
"If my existing credit card expires, will this impact my Contactless Mobile?"
Why can't I enable Contactless Mobile on my new Barclaycard Visa account?
What happens to Contactless Mobile if I lose my Credit Card?
What is Contactless Mobile?
Where can I pay using Contactless Mobile?
What is the maximum Contactless Mobile transaction amount?
Are there any additional fees for using Contactless Mobile?
"I already have a contactless payment sticker on my device, will this affect Contactless Mobile?"
"I have my device in a case, will this affect my use of Contactless Mobile?"
Why was my Contactless Mobile transaction unsuccessful?
How do I turn off or cancel Contactless Mobile?
"I have turned on PIN to Pay, why am I not asked to enter my PIN when using Contactless Mobile for TfL transactions?"
Do I need a PIN for Contactless Mobile payments?
How do I register my Contactless Mobile with my TfL account?
When will I ever need to update my Contactless Mobile details with TfL?
Do I need a mobile network signal to make a Contactless Mobile transaction?
Is Contactless Mobile available in the Barclays Mobile Banking App?
"What should I do if I want to sell my device, or if I am no longer using it?"
How secure is Contactless Mobile?
How do I get a bPay band
Do I need a Barclaycard to get a bPay band?
Where can I use my bPay device?
What is bPay?
What is Emergency Cash Advance and Emergency Card Replacement?
What is Worldwide Assistance?
What benefits and offers do I get as a Barclaycard cardholder and what is altogether better?
Can I see a copy of my credit card benefits online?
Does it matter if I use my Barclaycard Cashback American Express? Card or Barclaycard Cashback Visa? Card to register for online account servicing?
Why does my Bank Giro Credit have my Barclaycard Cashback American Express? Card number on it and not my Barclaycard Cashback Visa? Card number on it ? what does this mean?
"I have two cards for my Barclaycard Cashback credit card account, so do I have to register for alerts on both cards?"
Why am I sometimes asked for the 3 digits on the back of my Barclaycard Cashback but then other times I am asked for the four digits on the front of the card?
"If I unlock my PIN via the automated phone service, does this unlock both Barclaycard Cashback cards?"
"If I damage one of my Barclaycard Cashback cards, does just that one get replaced, or both of them?"
"If I change my PIN at a cash machine (ATM) on one Barclaycard Cashback card, does this change PINs on both cards?"
Can I have both Barclaycard Cashback cards replaced in an emergency or do I have to choose one?
When I call Customer Services the automated service asks for a card number. Which Barclaycard Cashback card number do I use?
What happens if I lose my Barclaycard Cashback card(s)?
I have received my new Barclaycard Cashback cards and I'm already registered for the Barclays Mobile Banking app. Do I need to re-register?
How do I earn Freedom Reward points?
What is each Freedom Rewards point worth?
Do I get extra Freedom Reward points if I make purchases with selected retailers?
What are the benefits of the Barclaycard Freedom Rewards card?
"I?d like to learn more about Freedom Rewards, is there a website I can visit?"
How do I redeem Barclaycard Freedom Rewards points for vouchers?
"If I apply for a Barclaycard online, when will I hear whether I have been successful?"
On your product pages you show a representative APR example - what is this?
What are gaming transactions?
What does SECCI stand for?
Where do I send my completed Barclaycard credit card application?
I have a business - how can I accept Credit Card payments?
Can I find out what card I can get without being credit checked?
How much cash can I withdraw from my Barclaycard?
My account is closed. Why are you writing to me?
How do I close my Barclaycard account?
How do I order a replacement Barclaycard?
"My Barclaycard is due to expire, when will I receive my replacement?"
What is the difference between the representative APR and purchase/cash rate p.a.?
How can I find out the interest rate on my card?
Can I change my Cash Machine (ATM) cash withdrawal limit?
How can I get a copy of my T&Cs?
If I withdraw cash on my Barclaycard from an ATM or bank is there a charge for this?
Is there a charge if I use my Barclaycard for gambling or betting?
Where can I find details of any special IHG? Rewards Club offers?
When will my IHG? Rewards Club points expire?
"I don?t think my IHG? Rewards Club point balance is correct, how can I check this?"
How can I find a IHG? Rewards Club hotel and make a reservation?
How can I redeem my IHG? Rewards Club points?
How can I find out how many IHG? Rewards Club points I?ve earned using my IHG? Rewards Club Visa??
How does the IHG? Rewards Club Visa? scheme work?
How do I know what my IHG? Rewards Club Elite status is?
What is the difference between the IHG? Rewards Club Visa? and IHG? Rewards Club Premium Visa??
What should I do if I haven't received my IHG? Rewards Club Visa? / IHG? Rewards Club Premium Visa? card?
What should I do if I haven't received my Hilton HHonors? Platinum Visa??
How does the Hilton HHonors? Platinum Visa? points scheme work?
Where can I redeem the Hilton HHonors? points that I?ve earned?
How can I redeem my HHonors points?
How do I know what my Hilton HHonors? tier status is?
"I don?t think my Hilton HHonors points balance is correct, how can I check this?"
How can I find out how many HHonors points I've earned using my Hilton HHonors? Platinum Visa??
I need to contact Barclaycard customer services from abroad - what number do I need to call?
Can you provide me with call charge information?
How safe and secure is SignVideo to use?
What is SignVideo and how do I use it?
What services are available to me when I use SignVideo?
Can I see a copy of my credit card terms and conditions online?
How do I change my date of birth or my nationality?
What is your postal address for queries?
You?ve been in touch to ask me to contact you about my complaint. Why do I need to contact you?
How does Barclaycard Track It work?
I?ve received a text message/email about something called Barclaycard Track It ? is this from you?
What information will Barclaycard Track It be able to tell me?
How do I make a complaint?
How long will it take to resolve my complaint?
Will you need to call me to discuss my complaint?
Can I view all my complaints on Barclaycard Track It?
I?m not happy with how my complaint has been resolved. What do I do?
How do I contact you if I want to discuss a complaint that I?ve already raised?
How long should I expect to wait before I hear about my PPI complaint?
"I've an existing PPI complaint, how can I get an update?"
Why have you sent me multiple text messages/emails about my PPI complaint?
Can I use Barclaycard Track It to track my PPI complaint if I've applied for compensation via a Claims Management Company (CMC)?
Which postcode should I enter to see my PPI complaint in Barclaycard Track It?
Can I see the status of all my PPI complaints together?
Why hasn't a decision not been made on my PPI complaint?
I haven't had my PPI complaint final response letter - why is this?
"I've submitted a PPI complaint through Barclays, where do I get more information?"
What is a PPI Questionnaire and why do I need to complete it in order to make a complaint?
I've forgotten my Barclaycard Secure Password what do I do?
What is Barclaycard Secure?
How do I register for Barclaycard Secure?
What is the difference between my Barclaycard Secure password and my account servicing passcode ?
If I am stuck using SafeKey? on a Retailer site - who can I contact?
How does Chip & PIN work?
"If I return goods, will I need to enter my PIN to get a refund onto my Barclaycard?"
Will I still have to sign for any transactions if I have a Chip and PIN card?
What if I have a disability that makes using my Barclaycard Chip and PIN difficult?
How do I unlock my Barclaycard PIN?
What happens if I get my Barclaycard PIN wrong?
Why can?t my PIN be unlocked automatically? Why do I still have to phone you?
"If I'm buying goods in a shop on my Barclaycard, can I ask the staff in the shop to enter my PIN for me?"
Can I use Chip and PIN abroad?
What happens if I don't receive my PIN for my new Barclaycard?
Can I change my Barclaycard PIN?
How secure is mybarclaycard online account servicing?
Will I ever be asked for my log in details for mybarclaycard account servicing by Barclaycard?
What is the Card Security Code?
"My Barclaycard is lost or stolen, what do I need to do?"
"I'm concerned I may have given my personal details on a hoax e-mail, what should I do?"
If a courier delivers my Barclaycard Credit Card - should I expect to be asked any security questions?
What if I can't read the Card Security Code on my Barclaycard?
You're asking for my personal details - is it safe to provide these via email?
"I've received an email from you, how can I be sure that it's safe?"
"Every time I go onto the Barclaycard website on a different browser, or on a different PC, laptop or other device, I get a message about cookies. Why?"
Why am I seeing a message about cookies?
Why is your cookies message different to the one on the Barclays website?
How do I find out about career opportunities at Barclaycard?
What are cookies?
Are cookies safe?
Are you selling information about me to other companies?
How do I enable cookies in my browser?
How do I log into online services?
What is the Lending Code?
Does Barclaycard Business subscribe to the Lending Code?
Will I get a different PIN with a replacement card?
What is JavaScript and how do I enable it?
Can I see a copy of the Barclaycard Privacy Policy?
Why does Barclaycard use cookies?
What are the benefits of accepting the use of internet cookies?
What has happened to bespoke?
Will the mybarclaycard app work with Barclaycard business accounts?
Can I use jail broken or rooted devices with the mybarclaycard app?
Can I register a non UK mobile number to the mybarclaycard app?
What happens if I forget my passcode for the mybarclaycard app?
"If I don't choose to save my debit card, will I still be able to make payments from the same card in the future?"
How long does it take to process a payment made within the mybarclaycard app?
Can I use the mybarclaycard app abroad?
Which mobile operating systems can I use the mybarclaycard app on?
How secure is the mybarclaycard app?
Can I change my phone number after registering for the mybarclaycard app?
"Will the mybarclaycard app work on any network ie WIFI, 4G, 3G, 2G?"
Why would I reset the mybarclaycard app?
Can I have the mybarclaycard app on more than one device?
Where can I view a list of my previous activities in the mybarclaycard app?
"What if I forget to logout from the mybarclaycard app, will it automatically log me out or timeout?"
"I've renamed my accounts in mybarclaycard, will they have the same names in the mybarclaycard app?"
What happens if I lose my mobile device and have downloaded the mybarclaycard app?
What device do I need in order to download the mybarclaycard app?
What is the mybarclaycard app?
"I've made a payment to my Barclaycard account from my debit card, how can I check that it went through ok?"
"I've completed registration for the mybarclaycard app, but my Barclaycard account is not displayed, what should I do?"
If I've got more than one Barclaycard how do I see them both together in the mybarclaycard app?
How do I reset the mybarclaycard app?
"I'm having trouble making a payment to my Barclaycard using the mybarclaycard app, why is this?"
What should I do if I log in to the mybarclaycard app and can't see my card details?
I've entered my correct mybarclaycard app passcode login details but I still can't see my Barclaycard account. Why?
How do I register for the mybarclaycard app?
What services does the mybarclaycard app offer?
What is the mybarclaycard app?
What device do I need in order to download the mybarclaycard app?
What services does the mybarclaycard app offer?
"I've registered for the mybarclaycard app, but my Barclaycard account isn't displayed. What should I do?"
How do I reset the mybarclaycard app?
Which mobile operating systems can I use the mybarclaycard app on?
Can I have the mybarclaycard app on more than one device?
How can I change my address?
How can I change my 5 digit mybarclaycard app passcode?
How can I view older statements?
Where can I find my last statement balance?
How much statement history can I view online?
Can I change the language on the site?
Why do you not display the full card number?
Do you have a guide for your online services?
Can I have push notification sent to a different device?
What do I do if I don?t recognise a push notification I've received?
Is there a charge for push notifications?
Can I change the frequency of a push notification?
How do I switch off push notifications?
What's the size of the mybarclaycard app?
Can more than one account holder register the same card on the mybarclaycard app?
How do I pay a Barclaycard bill using the Barclaycard app?
Where do I get the mybarclaycard app?
What device do I need in order to download the Barclaycard app?
What is the Barclaycard app?
What services does the Barclaycard app offer?
What is Barclaycard Moneyback Offers?
What makes Barclaycard Moneyback Offers different?
Am I eligible for Barclaycard Moneyback Offers?
Do I have to purchase the product or service online to be eligible for Moneyback Barclaycard Offers?
Do I have to pay with my Barclaycard to receive moneyback from Barclaycard Moneyback Offers ?
When will I be told how much moneyback will be credited to my account from using Moneyback Barclaycard Offers?
When will I get the moneyback I've earned from Barclaycard
How will I get my moneyback from Barclaycard Moneyback Offers ?
"I have a query about my Barclaycard Moneyback Offer, who do I need to speak to?"
What?s the qualifying date for Barclaycard Moneyback Offers?
Why hasn?t my score changed after I took the actions suggested to improve it?
I checked my Experian Credit Report and found an incorrect entry which has negatively affected my score ? how can I fix it?
What is a Credit Score?
What is your Experian Credit Score?
I am already an Experian CreditExpert member and I have noticed my score as shown through Barclaycard.co.uk is different ? why is this?
Who are Experian?
What is a Credit Reference Agency?
Why do I have to wait 24 hours to see my score?
How is the Experian Credit Score calculated?
I don?t want to do this now can I do it later?
What is your Experian Credit Report?
Who can look at my credit report?
Can I stop getting my Experian Credit Score and start again later?
How can I look at my own credit report?
Why are Experian doing this and not Barclaycard?
Will my Experian Credit Score(s) be saved / available later?
"I don?t have an online account but have heard about the Experian Credit Score service, I would like access to it ? can I have it?"
How much does the Experian Credit Score cost?
I would like to have access from other credit reference agencies ? I haven?t used Experian before
A lot of online services start off being free and then automatically enrol you into a chargeable service ? is this the case here?
Can I enter a foreign address when validating my details?
Will I always have this service?
Are you sharing my information with a third party (another organisation outside of Barclays Group)?
"I don?t agree with my Experian Credit Score, can you change it for me?"
What data are you sharing with Experian?
How do I get my Experian Credit Score changed?
Who can see my credit score?
What does non verified mean?
Will a high Experian Credit Score help me get accepted for more credit?
If I fail validation can I receive a Score later?
Will a poor Experian Credit Score mean I will be rejected or have my credit limits decreased?
How can I improve my address history to make my credit score more accuarte?
What can impact my score?
My score is 900+ does this mean I will definitely be accepted for more credit?
Does this a high Credit Score mean I will be accepted for other product features?
Why does my Experian Credit Score not give me personal information to really help me improve it?
Why was my request for a credit limit increase declined when my Experian Credit Score is good?
Why was my credit limit increased when my Experian Credit Score isn?t good?
Why has my score increased / decreased since I last checked it?
Why was my interest rate increased when my Experian Credit score is good?
Why do Experian need written documents?
"If I have a Purchase Plan, will this be included in my payment options?"
How are payments allocated?
Why have you sent me a 'Default Sum Notice' or 'Notice of Arrears' by post?
What are Faster Payments?
What is a minimum payment and how do I know what my minimum payment is?
What sort code and account number should I use for payments?
Do I still need to make my payments even though my account is closed?
How long will a payment take to reach my account?
I paid my credit card bill but it's not showing on my statement - what should I do?
What is a Notice of Arrears?
"I?ve made a payment in error, what should I do?"
"My payment has failed, what should I do and will I be charged a fee?"
What happens if I don?t pay back the money I have borrowed on my credit card?
What should I do if I have difficulties making payments?
I'm considering appointing a Debt Management Company what should I do?
What is a Notice of Default Sums?
"I've appointed a Debt Management Company to deal with all of my creditors, what do I need to do?"
What should I do if I've missed a payment?
What will happen if I don't pay within 30 days?
Why does my payment date change each month?
Will a late payment affect my credit rating?
Can I fix my payment date?
How can I pay my bill?
How much can I pay on to my bill?
What does 'Pick your own card name' mean in the payments section of mybarclaycard online account servicing?
How long does it take to process a debit card payment made within mybarclaycard online account servicing?
How do I pay my bill with my debit card using Barclaycard online servicing?
"I'm trying to set up a Direct Debit in mybarclaycard online account servicing, but my account number and sort code aren't being accepted. What should I do?"
"If I have a Direct Debit set up, can I still make additional payments?"
Will an additional payment change the amount of my Direct Debit and can I change the Direct Debit amount at any time?
Can I set up a Direct Debit from a bank account in joint names?
What happens to the completed Direct Debit instructions?
Can I set up a Direct Debit from a bank/building society account outside the UK?
How will I know my Direct Debit has been set up?
Will my available credit increase immediately once the Direct Debit has been taken from my bank?
"If I set up a Direct Debit, will I still receive my payment reminder alerts?"
How can I amend or cancel my Direct Debit?
How can I set up my Direct Debit?
When will my payment be collected by Direct Debit?
Can someone scan the Quick Response (QR) code from my statement and gain access to my Barclaycard details?
"When using the Quick Response (QR) code on my statement, how long will it take an ATM or Barclays Pingit payment to reach my account?"
If I make a payment at a Barclays ATM will I still be able to withdraw cash?
Can I make an ATM or Barclays Pingit payment using an old statement?
How can I find out if a Barclays ATM accepts payments using a Quick Response (QR) code?
How do I pay my bill at a Barclays ATM?
What is a Quick Response (QR) code?
How do I pay my bill using the Barclays Pingit app?
Can I transfer cash to my bank account on mybarclaycard app?
How is interest charged on my Barclaycard account?
What are cash like transactions?
When does my interest free period end?
"I've authorised a transaction that I want to stop, what should I do?"
Why is my interest charge higher this month?
How do I make a payment to my Barclaycard from abroad?
"If I am due to go on holiday, should I advise Barclaycard where and when I am going?"
Can I use my card while abroad and is there a charge for doing so?
How do I find out about Barclaycard charges?
How do I avoid incurring charges?
What is the 4 digit card reference that shows on my 'Recent Transactions' and 'Statement' pages within mybarclaycard online account servicing?
What are pending transactions?
"If I have a question about interest or fees relating to my fraud query or disputed transaction, who should I contact?"
Why do you need additional information about the transaction I am querying?
How do I query a transaction on my account?
I've been charged for a payment I've cancelled. How can I claim it back?
"I wish to cancel a subscription, recurring transaction, continuous authority or regular payment on my Barclaycard, what should I do?"
"I received goods that arrived damaged or not as described, what should I do?"
"If I query a transaction that has debited my account, will I still incur interest/fees on that amount?"
"I have been charged for the same transaction more than once, how can I claim it back?"
"I've taken cash out at the ATM with my Barclaycard, but the cash dispensed is not the same as the amount charged on my account, how can I claim this?"
"Once I've queried a transaction on my account, what will happen next?"
What happens if I receive a refund from both Barclaycard and the retailer/service provider/merchant?
"I don?t recognise a transaction(s) on my statement, what should I do?"
"My account is showing that a transaction is due to post but I don?t know what it is, can you help?"
"I?ve been expecting a refund from a retailer/service provider/merchant but I haven't received it, what should I do?"
"I?ve been charged the wrong amount for a transaction, how can I claim it back?"
"I haven't received my goods or services because the retailer/service provider/merchant has gone into liquidation, how can I claim this back?"
"I pre-authorised a transaction but the actual charge is higher than I expected, what should I do?"
How long does it take for Barclaycard to resolve a transaction query?
What should I do if I didn?t receive goods/services that I've purchased?
"What do I do, when I can?t get a refund on my purchases?"
"I want to make a claim under section 75 of the Consumer Credit Act, what are my rights?"
"If I have a question or need an update about a queried transaction, who should I contact?"
Can I transfer a balance from someone else's credit card?
What happens to the interest rate when the transfer offer expires?
"I've already transferred a balance or cash at the transfer rate available to me, can I do another one?"
What is a balance transfer?
Is there a maximum balance or amount of cash that can be transferred?
Is the transfer fee added to the Barclaycard account or does it need paying up front?
What happens if I have a promotional rate and standard balance at the same time?
How can I keep track of my transfer and the expiry date?
"Once I've made a transfer, how much will I have to repay each month?"
What rate of interest will I pay when I transfer a balance or transfer cash to my bank account?
How do I transfer a balance onto my Barclaycard?
How do balance transfers work?
How does transferring cash to a bank account work?
How long will it take for a balance transfer to show on my account?
How long will it take for cash to be transferred into my bank account?
Can I transfer cash to someone else?s bank account?
How much money can I transfer when requesting a balance or cash transfer?
What is a transfer of cash into your bank account?
How do repayments for transfers work?
Can I transfer cash to my bank account in the app?
Where can I find details about all the transfer offers available to me?
I usually pay the balance on my account in full by Direct Debit. What happens if I?ve requested a balance transfer or cash transfer?
How will a Purchase Plan affect my monthly minimum payment?
What is an 'overpayment' on a Purchase Plan?
What is a suspended Plan?
Will Barclaycard ever cancel my Purchase Plan?
How are my payments applied to the different balances I have on my account?
"If I've earned rewards or cashback on a large purchase, will I keep them if I move the purchase to a Purchase Plan?"
How can I find out how much the fees will be for a purchase I want to move to a Purchase Plan?
Why are some purchases available longer than others to move to a Purchase Plan?
What happens if I want to cancel my Purchase Plan?
What happens if I can't afford my Purchase Plan instalment?
How do I know if I've got an offer for a Purchase Plan?
"If I make a large purchase, will I pay interest on it before moving it to a Purchase Plan?"
How do I set up a Purchase Plan?
Why is my statement split into ?main balance? and a ?Purchase Plan? balance?
What is Purchase Plan and what are the benefits?
What is a Purchase Plan eligible purchase?
What is the Bank of England Base Rate and how does it affect me?
Are my promotional rates affected by Bank of England Base Rate changes?
Is there a minimum and maximum Base Rate amount that I can be charged?
"When my interest rates change, will they impact my existing balance as well as new purchases I make?"
If I close my account will the remaining balance be subject to Bank of England Base Rate changes whilst I pay it off?
I only use my card occasionally so don't always get a statement. How will I know what the Base Rate is?
Your competitor cards aren't tracking the Bank of England Base Rate. Why are you doing this?
I'm currently on a repayment plan due to financial difficulties. How will changes to the Base Rate affect me?
My interest rate is currently 34.9% and I was promised a reduction after 12 months. What happens now?
How do you calculate the difference between simple and compound interest rates?
What is compound interest?
Where can I find out more about the Bank of England Base Rate changes?
Where can I find out more information about how interest is calculated?
When and where can I find my simple interest rate?
Why didn?t Barclaycard interest rates move in line with the Bank of England Base Rate previously when the Base Rate was low?
"I have destroyed my card so I don?t have the card details anymore, how can I register for eStatements?"
How can I get a paper copy of my statement?
How can I change the email address that you send my email statements to?
How can I view my older email statements?
Why doesn't my email statement include a Bank Giro Credit slip for me to pay at the bank?
Why can't I see my card number in full on my email statement?
"I've deleted the email with my eStatement, can you send me another one?"
Is my email statement secure once I've opened it?
How will I know when my digital statement is available to view online?
What software do I need to view my statements online?
How can I change my statement date/payment due date?
How can I get a PDF statement that can be read by a screen reader?
How can I view my statements?
What is the ?FCA Arrears Information Sheet? shown with my digital statement?
"I?m struggling to save and print my PDF statement in Chrome, what should I do?"
How do I print and save my PDF statement?
Why isn't my statement available to view in Barclaycard online servicing?
You're asking for my personal details - is it safe to provide these via email?
Why do I receive an 'Unable to download' message when using Internet Explorer 8 to view my online statement?
"I've received an email from you, how can I be sure that it is safe?"
Why can?t I view all my statements from the last 12 months online?
What should I do if I'm not receiving any alerts to let me know that my statement is ready to view online?
How will I know when my statement is ready to view online?
